name,description,website,twitter,privacy_policy,logo,country_code,domain,server,onion,port,requires_otr,captcha,extensions
Zom,"Zom's home servers, setup just right, keeping all your messages safe and sound!",https://zom.im/,https://twitter.com/zomapp,https://zom.im/privacy/,images/zom.png,US,home.zom.im,home.zom.im,,5222,False,False,XEP-0357;XEP-0363
Calyx Institute,Non-profit education and research organization focused on privacy technology.,https://www.calyxinstitute.org,https://twitter.com/calyxinstitute,https://www.calyxinstitute.org/legal/privacy-policy,images/calyx.jpg,NL,jabber.calyxinstitute.org,jabber.calyxinstitute.org,ijeeynrc6x2uy5ob.onion,5222,True,False,
OTR.im,OTR.im was started to strengthen the OTR community.,https://otr.im/index.html,https://twitter.com/otr_im,https://otr.im/chat.html,images/otr_im.jpg,CA,jabber.otr.im,jabber.otr.im,5rgdtlawqkcplz75.onion,5222,True,False,
Creep.im,"Creep.im is a Moscow, Russia located private server, operated by an individual, with a number of free services running for a general public.",https://creep.im,,,images/creep.png,RU,creep.im,creep.im,creep7nissfumwyx.onion,5222,False,True,XEP-0357;XEP-0363
jabber-germany.de,Free and secure XMPP/Jabber server.,http://jabber-germany.de,,,,DE,jabber-germany.de,jabber-germany.de,dbbrphko5tqcpar3.onion,5222,False,False,XEP-0357;XEP-0363
SUChat.org,"Servidor público de mensajería instantánea, respetando la privacidad e integridad de los usuarios.",https://www.suchat.org,,https://www.suchat.org/?page_id=281,images/suchat.png,ES,suchat.org,xmpp.suchat.org,un3v2tzz4eplttzq.onion,5222,False,True,XEP-0363
tchncs,Hier zählt Privatsphäre und Sicherheit.,https://tchncs.de/xmpp,,https://tchncs.de/#datenschutz,,DE,tchncs.de,tchncs.de,duvfmyqmdlyvc3mi.onion,5222,False,False,XEP-0357;XEP-0363
trashserver.net,trashserver.net ist ein kostenloser XMPP-Server - betrieben mit 100% Ökostrom und gehostet in Deutschland.,https://trashserver.net,,https://trashserver.net/datenschutz,,DE,trashserver.net,h-pollux.650thz.de,m4c722bvc2r7brnn.onion,5222,False,False,XEP-0357;XEP-0363
patchcord.be,Server running as EC2 instance on Amazon AWS (EU Region).,https://patchcord.be/,,https://patchcord.be,,BE,patchcord.be,ec2.e-utp.net,xsydhi3dnbjuatpz.onion,5222,False,True,XEP-0363
Draugr.de,Draugr.de ist ein auf Jabber basierender Instant Messaging Dienst mit dem du Millionen andere Menschen erreichen kann.,https://www.draugr.de,,https://www.draugr.de/datenschutz,,DE,draugr.de,jabberd.draugr.de,jfel5icoxf3nmftl.onion,5222,False,True,XEP-0363
JabJab.de,Ein deutscher XMPP Server.,https://jabjab.de,https://twitter.com/JabJab_DE,https://jabjab.de/datenschutz.php,,DE,jabjab.de,jabjab.de,jabjabdevfoob7hl.onion,5222,False,True,XEP-0357;XEP-0363
jabber.cat,Això és un servidor obert de Jabber / XMPP.,https://jabber.cat,,,,DE,jabber.cat,jabber.cat,sybzodlxacch7st7.onion,5222,False,False,XEP-0357;XEP-0363
ChatMe,"Chat gratuita, Server Jabber/XMPP italiano",https://chatme.im,http://twitter.com/chatmeim,https://chatme.im/informazioni-legali/privacy,images/chatme.png,FR,chatme.im,xmpp.our.1.chatme.im,hdtp7t4nwifcfkjg.onion,5222,False,False,XEP-0357;XEP-0363
dismail.de,Secure Private Messaging,https://dismail.de,,https://dismail.de/privacy.html,,DE,dismail.de,xmpp.dismail.de,l2epd2e4g2hx3tdf.onion,5222,False,False,XEP-0357;XEP-0363
Hot-Chilli,jabber.hot-chilli.net is a free Jabber/XMPP service for everybody.,https://jabber.hot-chilli.net,,https://jabber.hot-chilli.net/legal/privacy,images/hotchilli.png,DE,jabber.hot-chilli.net,jabber.hot-chilli.net,c2aaokzwkwkct543.onion,5222,False,False,XEP-0357;XEP-0363
systemausfall.org,privatsphäre und sicherheit seit 2003,https://systemausfall.org/wikis/hilfe/Jabber,,https://systemausfall.org/impressum,images/systemausfall.png,DE,jabber.systemausfall.org,jabber.systemausfall.org,clciwvt5qnxoqykx.onion,5222,False,True,XEP-0363
KodeNet,,https://www.koderoot.net,,,,US,im.koderoot.net,venus.koderoot.net,ihkw7qy3tok45dun.onion,5222,False,False,
EVIL.IM,Evil.im is a not-so-evil protected Jabber (XMPP) service built with privacy and security in mind.,https://evil.im,,,,US,evil.im,xmpp.evil.im,evilxro6nvjuvxqo.onion,5222,False,False,
